t,path_0,path_1,path_2,path_3,path_4,path_5,path_6,path_7,path_8,path_9,path_10,path_11,path_12,path_13,path_14,path_15,path_16,path_17,path_18,path_19
0.000000000000000000e+00,2.659992873937965796e-01,1.016701294011621348e+00,1.410321796702015407e+00,-5.209067843230216210e-01,8.121545326407660914e-01,-2.411490136701113229e-01,-6.254864149988119404e-02,-8.561561663868581806e-02,-1.318932455036746004e-03,1.113960199629339343e+00,1.238275310286112013e-01,-1.537327480580960859e-01,-2.765372315166119144e-01,3.413141492052005899e-01,-8.948680633079112434e-01,-5.026584305499648408e-01,-5.228058110725457980e-02,-5.658483122083672878e-01,-1.184761529368745236e-01,-6.107768629190053478e-01
1.000000000000000021e-02,2.611271868751245950e-01,1.006634861460782515e+00,1.399370109956188823e+00,-5.145721420574680405e-01,8.031317546319847178e-01,-2.398489765794611095e-01,-6.405328531453217955e-02,-8.679759593408024887e-02,-3.617880294936229486e-03,1.103667750872566744e+00,1.201710023449639175e-01,-1.538893472937054585e-01,-2.746122495337948721e-01,3.358717117124226936e-01,-8.844307907274254754e-01,-4.966356012549655308e-01,-5.392473736070406420e-02,-5.587757749775111860e-01,-1.191766918603703457e-01,-6.030180469559250911e-01
2.000000000000000042e-02,2.567077968572836211e-01,9.969203388304563873e-01,1.389218363201701001e+00,-5.086960244544492804e-01,7.944428069195679232e-01,-2.387733749153579388e-01,-6.550529536990189194e-02,-8.796403990519813254e-02,-5.767721975170433078e-03,1.093797771726275903e+00,1.168373675992262356e-01,-1.541393995527974847e-01,-2.729593654511581202e-01,3.309141559490253459e-01,-8.742990526169415189e-01,-4.910674379892434049e-01,-5.549982453807328353e-02,-5.521642862055849976e-01,-1.199145835871767291e-01,-5.957135287252665057e-01
2.999999999999999889e-02,2.530168211352362695e-01,9.878863277255488518e-01,1.380365678572821775e+00,-5.035718375192237417e-01,7.863491776929052435e-01,-2.380389934067225211e-01,-6.685483265035464806e-02,-8.908701138487602755e-02,-7.662104949917238061e-03,1.084733126594624952e+00,1.140324633278227834e-01,-1.545198841882028662e-01,-2.717253487131940926e-01,3.267327169556216715e-01,-8.647669574500715939e-01,-4.862406568901705972e-01,-5.694632976131076829e-02,-5.463206012850644333e-01,-1.206932767035152482e-01,-5.891790164913006667e-01
4.000000000000000083e-02,2.494864143565543313e-01,9.790171151047948328e-01,1.371787674862549489e+00,-4.986710027459304029e-01,7.784362928726192843e-01,-2.373762705266087014e-01,-6.817037428769269491e-02,-9.018858736854243330e-02,-9.491092773606138802e-03,1.075836795065581608e+00,1.113465496406462335e-01,-1.549182863986909853e-01,-2.705851784144642225e-01,3.227256372300453258e-01,-8.554137810693529520e-01,-4.816305846587750628e-01,-5.835336050072723046e-02,-5.407133512937700726e-01,-1.214691756212910728e-01,-5.828888941700577364e-01
5.000000000000000278e-02,2.463803466832171774e-01,9.706432263545531347e-01,1.363948722421651771e+00,-4.942720486041448091e-01,7.709769591978590242e-01,-2.368966755769461030e-01,-6.940543261079877568e-02,-9.124306331772830125e-02,-1.115454658024104921e-02,1.067483112708001336e+00,1.089746231022655776e-01,-1.553704802002599805e-01,-2.696786660644938105e-01,3.191740669291212029e-01,-8.465388624665627360e-01,-4.775092566663546312e-01,-5.966524819393059786e-02,-5.356343842443123116e-01,-1.222463526654348487e-01,-5.771446632996861670e-01
5.999999999999999778e-02,2.436762084016111940e-01,9.628113087425388406e-01,1.356777729528538812e+00,-4.903696702254817796e-01,7.640226489652820474e-01,-2.365789055749528413e-01,-7.055422784313442053e-02,-9.224203729318476708e-02,-1.265394364525556509e-02,1.059697608518174627e+00,1.069015612449809721e-01,-1.558611439972567569e-01,-2.689833444101307203e-01,3.160575165035431344e-01,-8.382014850875448841e-01,-4.738685604141586460e-01,-6.087740879880676470e-02,-5.310861518979201890e-01,-1.230128832984530435e-01,-5.719574840057576326e-01
7.000000000000000666e-02,2.413482712155588794e-01,9.555647624575459576e-01,1.350169780712314971e+00,-4.869508537737539111e-01,7.576313433416380638e-01,-2.363992920540849696e-01,-7.161246236514383356e-02,-9.317811125054571708e-02,-1.399341161654233529e-02,1.052493593472620503e+00,1.051081110274433572e-01,-1.563744921655658149e-01,-2.684736239228992516e-01,3.133537839522529955e-01,-8.304585891037947754e-01,-4.706929329505523119e-01,-6.198694802263860631e-02,-5.270628845534164331e-01,-1.237571454340055110e-01,-5.673300093640980535e-01
8.000000000000000167e-02,2.395895855091560722e-01,9.493696678078744622e-01,1.344196578539748943e+00,-4.842745992887343420e-01,7.522900113695887292e-01,-2.363993590847388304e-01,-7.251608810862322785e-02,-9.399879882244392693e-02,-1.508096529198827210e-02,1.046260775105158691e+00,1.037343549763998229e-01,-1.568957844232438947e-01,-2.682160702497597415e-01,3.112892252947319638e-01,-8.237812284240139116e-01,-4.682267258712254909e-01,-6.292486174245612296e-02,-5.238590514953413990e-01,-1.244441807351066853e-01,-5.635908214461652355e-01
8.999999999999999667e-02,2.381570501370751936e-01,9.438469189139957471e-01,1.338446456099090298e+00,-4.820448599126876399e-01,7.476718163513111914e-01,-2.364861119008713208e-01,-7.332276751566207951e-02,-9.474313324913426204e-02,-1.602114065637644594e-02,1.040595875062244158e+00,1.025959701039859673e-01,-1.574069767580415780e-01,-2.680877704303584186e-01,3.096024200726734121e-01,-8.178152677756955757e-01,-4.661837978693814666e-01,-6.375695239096573763e-02,-5.211569042229993176e-01,-1.250857988911665275e-01,-5.604045174293721399e-01
1.000000000000000056e-01,2.368352618688392419e-01,9.385638835654478429e-01,1.332766063229370079e+00,-4.799788399010804785e-01,7.433230848555910653e-01,-2.365997471603965563e-01,-7.409556321317434247e-02,-9.546017017425954820e-02,-1.691138304072172666e-02,1.035124873120038647e+00,1.015360839045431757e-01,-1.579123814489988009e-01,-2.680012681837876110e-01,3.080462781335949196e-01,-8.121220940710376368e-01,-4.642950517655887732e-01,-6.455232955111660231e-02,-5.186414600960271848e-01,-1.257100923335212617e-01,-5.574266314965304892e-01
1.100000000000000006e-01,2.360615614215045288e-01,9.344578260361562361e-01,1.327368409173261821e+00,-4.786340300355063082e-01,7.402542248191051888e-01,-2.368469358845634865e-01,-7.470379535484743261e-02,-9.604592896816400993e-02,-1.755561349161694276e-02,1.030625010985749324e+00,1.008661675272603808e-01,-1.583938781445158039e-01,-2.681176722919632605e-01,3.071330764909125932e-01,-8.076508238847330823e-01,-4.630892156548434557e-01,-6.516880521159783279e-02,-5.169388426827822292e-01,-1.262531872951614953e-01,-5.553479254665515397e-01
1.199999999999999956e-01,2.356344240065809392e-01,9.310918416314504231e-01,1.322250700321697892e+00,-4.777314882826246834e-01,7.379721623104542605e-01,-2.371764956128035728e-01,-7.520931823181564724e-02,-9.654990599073919044e-02,-1.804557137536969003e-02,1.026757140034956883e+00,1.004426013181771576e-01,-1.588605848037998869e-01,-2.683589701241501646e-01,3.066251165901794917e-01,-8.039525629707323651e-01,-4.623020091361905171e-01,-6.567353132482912914e-02,-5.157353513991232985e-01,-1.267458385285298306e-01,-5.538224872633352724e-01
1.300000000000000044e-01,2.353259886352643548e-01,9.279894746102669290e-01,1.317266494604393934e+00,-4.769804735035750864e-01,7.359590045546143822e-01,-2.375334051639592658e-01,-7.567995817783729207e-02,-9.702610744107983964e-02,-1.848300134680726237e-02,1.023124423628201773e+00,1.001034266027012870e-01,-1.593221008484942691e-01,-2.686418761417389556e-01,3.062555347039603304e-01,-8.005343626535860180e-01,-4.616578140773872629e-01,-6.614029491178462228e-02,-5.147041652287929203e-01,-1.272213065017221145e-01,-5.524895687796040900e-01
1.400000000000000133e-01,2.353823638096485538e-01,9.256558384172933751e-01,1.312745812989120298e+00,-4.766724184630218297e-01,7.347229710252171087e-01,-2.379748285345470449e-01,-7.604337993476306679e-02,-9.741721781787185397e-02,-1.875822139745716294e-02,1.020191843717535463e+00,1.000252794152445557e-01,-1.597685518135282257e-01,-2.690522718314501960e-01,3.063082679547193821e-01,-7.979221124703754775e-01,-4.614330873645103859e-01,-6.649024542758312506e-02,-5.141727485110162421e-01,-1.276445925493116251e-01,-5.517111578067908084e-01
1.499999999999999944e-01,2.360751111345501252e-01,9.246327731308243703e-01,1.309300067768244258e+00,-4.771086477672783488e-01,7.347602186064390306e-01,-2.385579030587914318e-01,-7.621957965340712959e-02,-9.765957564306891603e-02,-1.874996865649098884e-02,1.018516039718869504e+00,1.004048380559149911e-01,-1.601870290082660631e-01,-2.696769437096390720e-01,3.070916608074797938e-01,-7.967197568110748751e-01,-4.619129837581246734e-01,-6.663624523868535987e-02,-5.144820469631916637e-01,-1.279760634126838048e-01,-5.518673752401986876e-01
1.600000000000000033e-01,2.369006067006642346e-01,9.238807153432174735e-01,1.306117402475916567e+00,-4.776948789134073947e-01,7.350495995483671274e-01,-2.391710569717551971e-01,-7.635818516447534510e-02,-9.787245785761489181e-02,-1.868358951487673197e-02,1.017112499810669757e+00,1.008800041628074712e-01,-1.606011548170377945e-01,-2.703462022638953299e-01,3.080263221835660703e-01,-7.958161821888799503e-01,-4.625348406639975263e-01,-6.674110361904331268e-02,-5.149611433276495287e-01,-1.282899717892522773e-01,-5.522130780734121336e-01
1.700000000000000122e-01,2.381317140018981982e-01,9.239335336334227877e-01,1.303770703413643650e+00,-4.787406879056650411e-01,7.360928169243399211e-01,-2.398765696995733276e-01,-7.638317835253490007e-02,-9.799635264408071422e-02,-1.844127392431563553e-02,1.016519827974006418e+00,1.016457299447799945e-01,-1.610025946159172328e-01,-2.711522574531063379e-01,3.094237629061481476e-01,-7.958189173462570931e-01,-4.635918489091679362e-01,-6.672159019681900283e-02,-5.159596960838407353e-01,-1.285510457119179439e-01,-5.531374113149766236e-01
1.799999999999999933e-01,2.400722582258482674e-01,9.253241603226369794e-01,1.302988135649989943e+00,-4.805817869201380321e-01,7.383831163793203034e-01,-2.407585485083360843e-01,-7.622806095662494619e-02,-9.798358136157801768e-02,-1.790764667498847759e-02,1.017302191167872794e+00,1.029115064112903349e-01,-1.614004063415085954e-01,-2.722102138241601077e-01,3.116307050545468749e-01,-7.973926276438916272e-01,-4.654029962475561000e-01,-6.650289813351961676e-02,-5.178546487863489034e-01,-1.287387687655590363e-01,-5.550585085592921741e-01
1.900000000000000022e-01,2.421675932701473077e-01,9.269720276130432035e-01,1.302539491430406260e+00,-4.825906393781282944e-01,7.409145552140175006e-01,-2.416855419078950407e-01,-7.603860367071337001e-02,-9.794646617018841483e-02,-1.731384811839906113e-02,1.018354925267491051e+00,1.042859302225146445e-01,-1.618039767376891203e-01,-2.733290806553989594e-01,3.140126671804325253e-01,-7.992843388211656741e-01,-4.673741254865472206e-01,-6.624545845126188215e-02,-5.199363707606855511e-01,-1.289165789195108602e-01,-5.571852213557451083e-01
2.000000000000000111e-01,2.447242827963685141e-01,9.294010544113641137e-01,1.303123918309941009e+00,-4.851093908237694152e-01,7.441799011567510336e-01,-2.427504911749817085e-01,-7.575464615541342706e-02,-9.784417525462908716e-02,-1.654927388462424862e-02,1.020227128934225957e+00,1.059774605982584939e-01,-1.622304016904247692e-01,-2.746328875124181557e-01,3.169204021556173423e-01,-8.021495799629433376e-01,-4.698310179171658052e-01,-6.588056015175212943e-02,-5.225872273669973644e-01,-1.290714417366245759e-01,-5.599399043395892894e-01
2.099999999999999922e-01,2.480839979177253130e-01,9.331061504039671606e-01,1.305512563344875643e+00,-4.885164806985568542e-01,7.486562834915476694e-01,-2.440889595823813041e-01,-7.534039930848562827e-02,-9.766378850629806041e-02,-1.551691992460054077e-02,1.023450004969362670e+00,1.082061042651834559e-01,-1.627331548422928653e-01,-2.762894000323485311e-01,3.207459617445729272e-01,-8.066605110219677854e-01,-4.731368551260656807e-01,-6.536218831234479054e-02,-5.262230338018227815e-01,-1.292227045430971999e-01,-5.637754629953083407e-01
2.200000000000000011e-01,2.516306312337255324e-01,9.370462444814647851e-01,1.308272927495265803e+00,-4.921275148472642469e-01,7.533623646534780560e-01,-2.455013750950283957e-01,-7.490046904632149949e-02,-9.747090614128936514e-02,-1.442412752271355833e-02,1.026925832334629973e+00,1.105616770153435707e-01,-1.632620691210831532e-01,-2.780383287076031440e-01,3.247809847080625478e-01,-8.115070858623982808e-01,-4.766391988209985886e-01,-6.481226766108587334e-02,-5.300806126090300552e-01,-1.293802104623906213e-01,-5.678499944669719302e-01
2.300000000000000100e-01,2.557042265241240009e-01,9.417235428042262102e-01,1.312152725422428556e+00,-4.963240346021846605e-01,7.587797640922103737e-01,-2.471255504575865514e-01,-7.440014006796766277e-02,-9.725381730101081978e-02,-1.317468186725277886e-02,1.031190347925051043e+00,1.132634470006191330e-01,-1.638722759116535144e-01,-2.800499092127834988e-01,3.294152941075547680e-01,-8.173550674041419883e-01,-4.807043716036041303e-01,-6.418580096306655824e-02,-5.345786885564610680e-01,-1.295647260775372733e-01,-5.726189573234413688e-01
2.399999999999999911e-01,2.606720315743004668e-01,9.476327532561206191e-01,1.317882256346116110e+00,-5.015318627836917731e-01,7.653921080701385771e-01,-2.491447528323694205e-01,-7.382825149163806111e-02,-9.702807332579818644e-02,-1.168530478296881531e-02,1.036770152155713109e+00,1.165399147584728623e-01,-1.646557473098921864e-01,-2.825420371208582915e-01,3.350699609790905309e-01,-8.248606698176660368e-01,-4.857442214318064555e-01,-6.345963413157217070e-02,-5.401766175198710052e-01,-1.298291808123375468e-01,-5.785739918731629405e-01
2.500000000000000000e-01,2.658659734269070429e-01,9.537697395109260290e-01,1.324001743324466407e+00,-5.069973541275488715e-01,7.722282529858076616e-01,-2.512754925732355038e-01,-7.323816775554727043e-02,-9.680180171948218892e-02,-1.013088548037017339e-02,1.042599500155222403e+00,1.199699845961775119e-01,-1.654897728811980662e-01,-2.851684345364646211e-01,3.409728275970586031e-01,-8.327197737118121612e-01,-4.910344133299240355e-01,-6.270738772170654507e-02,-5.460491069792506869e-01,-1.301180233683934540e-01,-5.848189533779497573e-01
2.600000000000000089e-01,2.716477797813264816e-01,9.606427016051048984e-01,1.331212314421523768e+00,-5.131485184140119893e-01,7.797792891799285586e-01,-2.536997671892711192e-01,-7.261607577007471448e-02,-9.658786097841959295e-02,-8.426012400905819044e-03,1.049215605531625739e+00,1.237814107531128582e-01,-1.664639462735612585e-01,-2.881463026479182954e-01,3.475374674844176059e-01,-8.415779191537969828e-01,-4.969889529976516673e-01,-6.190330004560957305e-02,-5.526575653013306999e-01,-1.304815665360770927e-01,-5.918470726823029660e-01
2.700000000000000178e-01,2.780346681622746785e-01,9.682605121173126772e-01,1.339481584908558842e+00,-5.200245459316826802e-01,7.880497555240334462e-01,-2.564453806001932845e-01,-7.196766212445576683e-02,-9.639498249612259151e-02,-6.568624925318895628e-03,1.056625433567338401e+00,1.279881172009282864e-01,-1.675959043347453326e-01,-2.915068667683486381e-01,3.547788465707472083e-01,-8.514235012752005005e-01,-5.036474917513483751e-01,-6.105171523214659307e-02,-5.600392700818767056e-01,-1.309328855509295231e-01,-5.996925914516695322e-01
2.800000000000000266e-01,2.850414376015784068e-01,9.766345363099419030e-01,1.348770010092841920e+00,-5.276671822664499301e-01,7.970430506508475732e-01,-2.595401971847128841e-01,-7.129595046456131680e-02,-9.622943968484601318e-02,-4.553817755823473187e-03,1.064838721558655887e+00,1.326053971051546487e-01,-1.689017607193696868e-01,-2.952820590010699076e-01,3.627075476268940557e-01,-8.622374425154432087e-01,-5.110523296586245712e-01,-6.015424562461186425e-02,-5.682336386017114993e-01,-1.314829956441079806e-01,-6.083912128662325447e-01
2.899999999999999800e-01,2.930309134720142650e-01,9.863100515223442999e-01,1.359598715230643018e+00,-5.365965837547321815e-01,8.072633277168238530e-01,-2.632276919936469839e-01,-7.059500230881914085e-02,-9.611814129159403086e-02,-2.290607412172950344e-03,1.074417456058623266e+00,1.378766172832894266e-01,-1.705055780528830778e-01,-2.997604109542728601e-01,3.717261739969586753e-01,-8.745709757584064770e-01,-5.197117633854618779e-01,-5.919042807618793423e-02,-5.777860500071381189e-01,-1.322058060655258993e-01,-6.185078026309137611e-01
2.999999999999999889e-01,3.013136815147687275e-01,9.962346761960815256e-01,1.370792349108386876e+00,-5.459114507775481018e-01,8.177023381870235363e-01,-2.671087146507134524e-01,-6.987371707016810929e-02,-9.601552939394494834e-02,6.795303633463402326e-05,1.084274552760518873e+00,1.433699108903888075e-01,-1.722029101660518535e-01,-3.044682054885881617e-01,3.810440245129217418e-01,-8.872307226422739834e-01,-5.287506917890683056e-01,-5.819342411342190435e-02,-5.877348718853988574e-01,-1.329785997777294670e-01,-6.290265206156130384e-01
3.099999999999999978e-01,3.102396626426610071e-01,1.006954942329887803e+00,1.382858364073374702e+00,-5.561248378301566486e-01,8.288618980210068488e-01,-2.714218378828455180e-01,-6.912050226992524915e-02,-9.594256474827257686e-02,2.616826085922441085e-03,1.094972561384746967e+00,1.493254057381559197e-01,-1.741118700704464284e-01,-3.096895203036624800e-01,3.910477801547622145e-01,-9.007455022363412001e-01,-5.386709481118164833e-01,-5.713730436469114521e-02,-5.986165487220511672e-01,-1.338691954699830211e-01,-6.405011689193873536e-01
3.200000000000000067e-01,3.198087265842113891e-01,1.018481353237896680e+00,1.395737513418082720e+00,-5.672780727496740116e-01,8.407380851780867914e-01,-2.761946693592663427e-01,-6.832753854891071565e-02,-9.589540059008030970e-02,5.371827050396509907e-03,1.106520415840125171e+00,1.557604853787398769e-01,-1.762421802976495699e-01,-3.154582168837095080e-01,4.017263911835113332e-01,-9.150567654669098383e-01,-5.495157898388708384e-01,-5.601263026683922508e-02,-6.104660027013842916e-01,-1.348800431069605288e-01,-6.529580718264511585e-01
3.300000000000000155e-01,3.300178523560401422e-01,1.030819551480784080e+00,1.409363193909275225e+00,-5.794082295222138246e-01,8.533261156944070835e-01,-2.814559416180124618e-01,-6.748599591453380286e-02,-9.586937691224871327e-02,8.349882567538421951e-03,1.118920098403325403e+00,1.626919357840944380e-01,-1.786036348072471969e-01,-3.218094401039239272e-01,4.130658011056045353e-01,-9.300953074324602721e-01,-5.613249504372935794e-01,-5.480889016200396480e-02,-6.233120455643805791e-01,-1.360131683487312004e-01,-6.664156137600302232e-01
3.400000000000000244e-01,3.408623845756871273e-01,1.043967492681431297e+00,1.423660678350215258e+00,-5.925457135027495381e-01,8.666201831971698244e-01,-2.872365795203777883e-01,-6.658749529805106648e-02,-9.586052259618627058e-02,1.156776889606827945e-02,1.132162919213984154e+00,1.701355301253880958e-01,-1.812075836335436951e-01,-3.287803721971873094e-01,4.250510725429321734e-01,-9.457818741067575141e-01,-5.741324194386330237e-01,-5.351593640567531979e-02,-6.371745948553450001e-01,-1.372716944124579008e-01,-6.808812762321755363e-01
3.500000000000000333e-01,3.523373909364660439e-01,1.057912835432413434e+00,1.438547937174695202e+00,-6.067113648258475322e-01,8.806126885954007610e-01,-2.935708444554145369e-01,-6.562582887059173475e-02,-9.586732544318765648e-02,1.504065121938093913e-02,1.146226521841768431e+00,1.781056259117377860e-01,-1.840686587779357952e-01,-3.364109613485760653e-01,4.376684777701551621e-01,-9.620284230457311070e-01,-5.879637237054987642e-01,-5.212567459593110686e-02,-6.520614967557718522e-01,-1.386616296423119066e-01,-6.963484287094491298e-01
3.599999999999999867e-01,3.647291603975124086e-01,1.073116242530704589e+00,1.454233074359571720e+00,-6.224307753590069270e-01,8.957434463648699108e-01,-3.007584439562752676e-01,-6.458067342198185734e-02,-9.590873288047453704e-02,1.888101183538245381e-02,1.161551097089134066e+00,1.868353186851267889e-01,-1.873298826042809895e-01,-3.450569026655544436e-01,4.512201974291511486e-01,-9.790967950442762691e-01,-6.033452990447991660e-01,-5.060100468738495255e-02,-6.684885207914524896e-01,-1.402607825886339477e-01,-7.133133864770264676e-01
3.699999999999999956e-01,3.774594974460790953e-01,1.088570728497988860e+00,1.470039621373443461e+00,-6.386684159389668380e-01,9.110960622581620871e-01,-3.083300606845306158e-01,-6.349110292798910982e-02,-9.596204888947867939e-02,2.289887756770678240e-02,1.177129707804481340e+00,1.958998926542803720e-01,-1.907756783608541007e-01,-3.541502495270123507e-01,4.650765707258330828e-01,-9.961710985552753028e-01,-6.192595866563090912e-01,-4.900771353882583253e-02,-6.853887767620959748e-01,-1.419549497305505337e-01,-7.306960084107289033e-01
3.800000000000000044e-01,3.908145618214645678e-01,1.104711252398371091e+00,1.486180608773653322e+00,-6.559043697517695781e-01,9.270992499065041637e-01,-3.165872552971096821e-01,-6.235033391499521932e-02,-9.605949773915574419e-02,2.719345180189758696e-02,1.193374152717826764e+00,2.055230343830148632e-01,-1.945597754728017326e-01,-3.640430319265535730e-01,4.795444446220918366e-01,-1.013511594611527622e+00,-6.361893081232343761e-01,-4.732228508280450496e-02,-7.032298868142609072e-01,-1.438343628288547560e-01,-7.489444842055972273e-01
3.900000000000000133e-01,4.047974647237266854e-01,1.121477401049484346e+00,1.502584668149087976e+00,-6.740868593301755363e-01,9.437231129443677258e-01,-3.255836231468927644e-01,-6.117729079333627390e-02,-9.622647820763097215e-02,3.176045606898025148e-02,1.210210206584354298e+00,2.157117867914089271e-01,-1.987257757594064200e-01,-3.747858673411264552e-01,4.946248682576279698e-01,-1.031022867545043686e+00,-6.540917102660126492e-01,-4.556087081881526890e-02,-7.219396018501055279e-01,-1.459336902272824477e-01,-7.679695195954624465e-01
4.000000000000000222e-01,4.194139539214569168e-01,1.138800458600550458e+00,1.519194526013484037e+00,-6.931399450020151454e-01,9.609288499056332089e-01,-3.353759819693985511e-01,-5.999943332640535198e-02,-9.649754150935295482e-02,3.658946963948069009e-02,1.227558592776115454e+00,2.264722650245659108e-01,-2.033263795073435021e-01,-3.864284557934315467e-01,5.103217146081207023e-01,-1.048617989207823786e+00,-6.729000547704205859e-01,-4.374781615786647870e-02,-7.414223964782470366e-01,-1.482971428119567725e-01,-7.876610879492481621e-01
4.100000000000000311e-01,4.346718705823720552e-01,1.156606478336807298e+00,1.535969269470752963e+00,-7.129645639040543825e-01,9.786685938923186390e-01,-3.460220284973254956e-01,-5.885227776092524093e-02,-9.691596863378204585e-02,4.166473187695914765e-02,1.245339349125896833e+00,2.378105961273147828e-01,-2.084226245685688872e-01,-3.990165288372875541e-01,5.266401445299144779e-01,-1.066222958075926375e+00,-6.925238851027686326e-01,-4.191513883886816005e-02,-7.615623838107423715e-01,-1.509779968887395296e-01,-8.078929931203185921e-01
4.199999999999999845e-01,4.508723933815260709e-01,1.175058866884807207e+00,1.553061969297851785e+00,-7.337353409489085765e-01,9.971705487459067152e-01,-3.579081669238389218e-01,-5.788555906604130052e-02,-9.767809094558359273e-02,4.696269513374556198e-02,1.263693895415522794e+00,2.499113597158594824e-01,-2.143282980576077246e-01,-4.129369069060175867e-01,5.439039007030995743e-01,-1.083944228309255964e+00,-7.131544508039631136e-01,-4.019136148089665073e-02,-7.824984075294320052e-01,-1.542341604128079635e-01,-8.287764874920924285e-01
4.299999999999999933e-01,4.674433662738460282e-01,1.193605331567681116e+00,1.570108098060437607e+00,-7.547358220352357039e-01,1.015803500962834560e+00,-3.704351090985447681e-01,-5.693643090073861879e-02,-9.855581820718493924e-02,5.246951505686042738e-02,1.282116450486063597e+00,2.624335777233361977e-01,-2.206345597062439046e-01,-4.275314912390197897e-01,5.614786721174770401e-01,-1.101411635352691043e+00,-7.340618995693131144e-01,-3.844307557145017901e-02,-8.035537992599289803e-01,-1.577476795966908929e-01,-8.496811410831950351e-01
4.400000000000000022e-01,4.846791732573572098e-01,1.212416430202729156e+00,1.587290485019347663e+00,-7.761207666452168974e-01,1.034785402786230879e+00,-3.839607928106013590e-01,-5.615769454629134655e-02,-9.974811965031898930e-02,5.815994368293039146e-02,1.300765406271789937e+00,2.755612403803310850e-01,-2.276501987102104163e-01,-4.431485268430533364e-01,5.796772269235900277e-01,-1.118771882297517895e+00,-7.554118493965732428e-01,-3.680182538854535890e-02,-8.248620243986142242e-01,-1.617767675894518364e-01,-8.707264926230220414e-01
4.500000000000000111e-01,5.025814502799064165e-01,1.231431450170467956e+00,1.604622810946465972e+00,-7.977571748547047648e-01,1.054049378699133621e+00,-3.985113649149883974e-01,-5.559979651845441823e-02,-1.013156513442519252e-01,6.401433000681749919e-02,1.319592166319467408e+00,2.893075599124114161e-01,-2.354467153177938477e-01,-4.597820264372985410e-01,5.984886779186953110e-01,-1.136021593164329380e+00,-7.770703358397241800e-01,-3.531299383720364060e-02,-8.462977206352906290e-01,-1.663918199897408690e-01,-8.918003680013494305e-01
4.600000000000000200e-01,5.211453255891284053e-01,1.250599526410505646e+00,1.622124586123051104e+00,-8.195229777533430404e-01,1.073531143346428962e+00,-4.140963195399379182e-01,-5.531194365878660396e-02,-1.033180408880472190e-01,7.001610090857801616e-02,1.338559898920175906e+00,3.036868545519289531e-01,-2.440907002052457031e-01,-4.774063310579022001e-01,6.178934188987182941e-01,-1.153171460662163916e+00,-7.989114814083690952e-01,-3.402047720942782266e-02,-8.677522460868327681e-01,-1.716612738057827492e-01,-9.128112171196998137e-01
4.700000000000000289e-01,5.403576452765168625e-01,1.269880660376811354e+00,1.639817784268819079e+00,-8.413126504919026249e-01,1.093171790528294052e+00,-4.307061670850644841e-01,-5.534067120310300764e-02,-1.058121663444618471e-01,7.615255540801865730e-02,1.357643202065665466e+00,3.187132514801015448e-01,-2.536409302061898852e-01,-4.959754733751730593e-01,6.378622214777086574e-01,-1.170242582129949360e+00,-8.208236184719542861e-01,-3.296536229516971311e-02,-8.891377190598482860e-01,-1.776493421166965014e-01,-9.336904032368568140e-01
4.799999999999999822e-01,5.604692833539982599e-01,1.289314282719311811e+00,1.657961888796948724e+00,-8.630946160903230080e-01,1.113005175170109551e+00,-4.485928512637969434e-01,-5.597839153449985644e-02,-1.091363730409685845e-01,8.229409781415836234e-02,1.376916290265197906e+00,3.345442666781079932e-01,-2.644794019982994460e-01,-5.156657022950293934e-01,6.586328057371891864e-01,-1.187416303521819483e+00,-8.427717060106244551e-01,-3.241588800250698454e-02,-9.104376566996630338e-01,-1.847341521065128667e-01,-9.544430918460599100e-01
4.899999999999999911e-01,5.809019318493509054e-01,1.308745620976972557e+00,1.676098214703956257e+00,-8.846952533584767631e-01,1.132818325242073376e+00,-4.671518377122154120e-01,-5.677695362447611471e-02,-1.127817395038595988e-01,8.867381773760459052e-02,1.396195199850360336e+00,3.509031136915455873e-01,-2.759901187683741486e-01,-5.359164044631100632e-01,6.796033189699975940e-01,-1.204413617733962383e+00,-8.645650138773740556e-01,-3.195483957411030668e-02,-9.315087391234921910e-01,-1.923416986865272293e-01,-9.749405398200660100e-01
5.000000000000000000e-01,6.018822035485811295e-01,1.328235248474151975e+00,1.694480762821595210e+00,-9.061241559174590954e-01,1.152664380291602564e+00,-4.865883182988495204e-01,-5.800568499234049630e-02,-1.170601912001021788e-01,9.517782106079050730e-02,1.415571580677577934e+00,3.679354375939281052e-01,-2.885131203658480858e-01,-5.568677620496255143e-01,7.009916531786022365e-01,-1.221421100894928502e+00,-8.862087783581454881e-01,-3.182859234290326411e-02,-9.523752606104973761e-01,-2.008169582419345456e-01,-9.952256568947750459e-01
5.100000000000000089e-01,6.233547223941025006e-01,1.347784532695997184e+00,1.713117797616348081e+00,-9.273537360722301504e-01,1.172521500614865708e+00,-5.068197781986852890e-01,-5.968976345628730640e-02,-1.220044094777805593e-01,1.018139845863357817e-01,1.435054219791268793e+00,3.856397442616902871e-01,-3.020546722587095778e-01,-5.784158990570195114e-01,7.227320038797135915e-01,-1.238466528105057973e+00,-9.076673815730933459e-01,-3.205724099402168514e-02,-9.730269875205099783e-01,-2.101894517635274906e-01,-1.015301960108814683e+00
5.200000000000000178e-01,6.452537336012903468e-01,1.367402827687716371e+00,1.732010582624384787e+00,-9.483704359431851527e-01,1.192378331457255136e+00,-5.277532201421925029e-01,-6.184658377263396734e-02,-1.276383750168262332e-01,1.085968442536213441e-01,1.454656709381132673e+00,4.040069921503328110e-01,-3.166057650630409448e-01,-6.004540461290666098e-01,7.447523002950895421e-01,-1.255573335884482944e+00,-9.289202332765412740e-01,-3.265326532440755714e-02,-9.934648815740488859e-01,-2.204771188754977018e-01,-1.035181167319181306e+00
5.300000000000000266e-01,6.675044740692551715e-01,1.387105853542033973e+00,1.751152962469196162e+00,-9.691709959489764881e-01,1.212233536820518376e+00,-5.492899018618673246e-01,-6.448517901523111162e-02,-1.339768998082164486e-01,1.155479547430992432e-01,1.474395600200566481e+00,4.230191163769008167e-01,-3.321428748026270528e-01,-6.228774772584638741e-01,7.669764741904654404e-01,-1.272759746559983807e+00,-9.499582599733956689e-01,-3.362091518679423408e-02,-1.013697143509853182e+00,-2.316861476327519986e-01,-1.054879350288974393e+00
5.400000000000000355e-01,6.900254664863567644e-01,1.406913677815655017e+00,1.770531683822333724e+00,-9.897588331970772479e-01,1.232094753605450954e+00,-5.713298284683675510e-01,-6.760621307231320931e-02,-1.410257832402604661e-01,1.226957209306019370e-01,1.494288379463533323e+00,4.426477200319745009e-01,-3.486295297605192522e-01,-6.455874197132458470e-01,7.893273693169833294e-01,-1.290038683048148505e+00,-9.707803175273495011e-01,-3.495614562103974143e-02,-1.033735738637466817e+00,-2.438115196816074415e-01,-1.074413822336294233e+00
5.500000000000000444e-01,7.127317414668319362e-01,1.426848385827865773e+00,1.790127537929226520e+00,-1.010140892698969894e+00,1.251976940240024927e+00,-5.937753966201437805e-01,-7.120276091702197607e-02,-1.487827531323523134e-01,1.300744891445834994e-01,1.514351410721523239e+00,4.628532179672202318e-01,-3.660184908169533680e-01,-6.684935116065255922e-01,8.117301273811192708e-01,-1.307418370753339776e+00,-9.913899301892993288e-01,-3.664733248004962279e-02,-1.053593663001975322e+00,-2.568382946522564936e-01,-1.093800922869486048e+00
5.600000000000000533e-01,7.355387589643210822e-01,1.446931640347835613e+00,1.809917239638165976e+00,-1.030325215502682745e+00,1.271900216625957869e+00,-6.165337764523649566e-01,-7.526198395883225423e-02,-1.572392202627792834e-01,1.377227823932565265e-01,1.534598045771495611e+00,4.835847263657233608e-01,-3.842542007715807340e-01,-6.915146822608300159e-01,8.341157064513369246e-01,-1.324903455470470170e+00,-1.011792649743685102e+00,-3.867689717980371533e-02,-1.073283081877841161e+00,-2.707434961601433709e-01,-1.113054738704206903e+00
5.700000000000000622e-01,7.583665878999010790e-01,1.467182391098541760e+00,1.829875781663247825e+00,-1.050319362487261321e+00,1.291887413785683725e+00,-6.395178816391832166e-01,-7.976763039938322697e-02,-1.663826722955468185e-01,1.456806855989234428e-01,1.555037121302091041e+00,5.047808820112411610e-01,-4.032750295562073095e-01,-7.145786334578848598e-01,8.564240937744801441e-01,-1.342496414694187790e+00,-1.031994224398699478e+00,-4.102380426917773965e-02,-1.092814371821114294e+00,-2.854982570226224370e-01,-1.132186711217484820e+00
5.799999999999999600e-01,7.811458373314018599e-01,1.487703303737909266e+00,1.850146348862504508e+00,-1.070145018514842894e+00,1.312018382371703096e+00,-6.626833672349351501e-01,-8.479119193782649888e-02,-1.762949700699974753e-01,1.539358604124869689e-01,1.575776560366972001e+00,5.263664928480327188e-01,-4.230984224736191179e-01,-7.376429801664459163e-01,8.786121512551798851e-01,-1.360316749926669511e+00,-1.052011871087638273e+00,-4.374973808661795222e-02,-1.112220151000353319e+00,-3.011653945012989775e-01,-1.151240446693002628e+00
5.899999999999999689e-01,8.038126896862660686e-01,1.508326353280406984e+00,1.870371644907835362e+00,-1.089776855988492832e+00,1.332200775957250949e+00,-6.858783744867175125e-01,-9.014780680184551753e-02,-1.867771394569240073e-01,1.626195898653616800e-01,1.596604866639186771e+00,5.482754186681674247e-01,-4.434890871005640056e-01,-7.606028105320079558e-01,9.006337762862548502e-01,-1.378130844412071676e+00,-1.071825266222862894e+00,-4.667533777361401737e-02,-1.131459100848321242e+00,-3.175216253732237037e-01,-1.170154606043215084e+00
5.999999999999999778e-01,8.263232046249439078e-01,1.529141323895266025e+00,1.890703543074682358e+00,-1.109235482128296368e+00,1.352508677719305386e+00,-7.090659380652151178e-01,-9.591249585552777401e-02,-1.979098271531900544e-01,1.717070976202248744e-01,1.617618180159793750e+00,5.704232320951083679e-01,-4.644534601376654193e-01,-7.834252212619369216e-01,9.224725746425164186e-01,-1.396060477988900761e+00,-1.091450800939993471e+00,-4.986700347600250827e-02,-1.150562515229697658e+00,-3.346199244317883958e-01,-1.188971614808948418e+00
6.099999999999999867e-01,8.486461347923700549e-01,1.550143107935938680e+00,1.911131135505530709e+00,-1.128526934311048002e+00,1.372954379673251957e+00,-7.321741912822239406e-01,-1.020846128375829109e-01,-2.096858237600773833e-01,1.812084826942185201e-01,1.638803167777016290e+00,5.927307290803534023e-01,-4.859107653603011445e-01,-8.060577907723308622e-01,9.441199592847011601e-01,-1.414110652150129877e+00,-1.110893414901842791e+00,-5.332164067538933822e-02,-1.169538239578620908e+00,-3.524171416856531902e-01,-1.207700194447867137e+00
6.199999999999999956e-01,8.707648049614920005e-01,1.571320252948344098e+00,1.931649676578007346e+00,-1.147659184275889421e+00,1.393544335581491822e+00,-7.551337879886229620e-01,-1.086719668805564698e-01,-2.220999449537498227e-01,1.911178408169046938e-01,1.660142419713872552e+00,6.151222630730789342e-01,-5.077731657894491990e-01,-8.284515917820577391e-01,9.655792760195611724e-01,-1.432287432592932896e+00,-1.130160012064629349e+00,-5.704663641131534763e-02,-1.188396014628312569e+00,-3.708637122149452403e-01,-1.226350940493526664e+00
6.300000000000000044e-01,8.926759567310375010e-01,1.592655921504506189e+00,1.952260426520499248e+00,-1.166642811699966309e+00,1.414278894162864342e+00,-7.778792252635633453e-01,-1.156905554761823440e-01,-2.351471272847636962e-01,2.014116766022555904e-01,1.681615744405914770e+00,6.375288869319331031e-01,-5.299455681271593166e-01,-8.505624182279084566e-01,9.868638790015478168e-01,-1.450597088276308844e+00,-1.149260208628042568e+00,-6.106034292514866263e-02,-1.207147953035122345e+00,-3.899015345160276036e-01,-1.244936591528772674e+00
6.400000000000000133e-01,9.143877541244891383e-01,1.614129273028376277e+00,1.972970000914275657e+00,-1.185491082546995534e+00,1.435152538435333636e+00,-8.003510207195367876e-01,-1.231632442712485009e-01,-2.488200087839027019e-01,2.120489929347568192e-01,1.703201641921905818e+00,6.598910087466367536e-01,-5.523270281957382011e-01,-8.723525282923327850e-01,1.007994695636608373e+00,-1.469045003775897307e+00,-1.168206509629803325e+00,-6.539139464753525310e-02,-1.225808388258041060e+00,-4.094626769323359561e-01,-1.263471668931220870e+00
6.500000000000000222e-01,9.359171645545374396e-01,1.635717129818892612e+00,1.993789338945537670e+00,-1.204219409344804648e+00,1.456154605659999435e+00,-8.224981818185985727e-01,-1.311176292512362951e-01,-2.631065510206258007e-01,2.229732222868393843e-01,1.724878810640645632e+00,6.821602705723122106e-01,-5.748138820143353644e-01,-8.937923490414553251e-01,1.028997488507468638e+00,-1.487634630989914664e+00,-1.187013859256607740e+00,-7.007696354153962470e-02,-1.244393142842891820e+00,-4.294695574482537137e-01,-1.281971592773800461e+00
6.600000000000000311e-01,9.572870027201190180e-01,1.657395730222327224e+00,2.014732431312526550e+00,-1.222844354284285284e+00,1.477270410824285563e+00,-8.442803122480755373e-01,-1.395833794372115799e-01,-2.779881592675496615e-01,2.341158083600591022e-01,1.746627513204626281e+00,7.043004118254092560e-01,-5.973041315636117288e-01,-9.148616378576801544e-01,1.049900083354328606e+00,-1.506366703193425804e+00,-1.205698702045184589e+00,-7.516017079617780261e-02,-1.262918423482861208e+00,-4.498367828244692057e-01,-1.300451513310653784e+00
6.700000000000000400e-01,9.785229791100842345e-01,1.679142343569804519e+00,2.035814972484607299e+00,-1.241382450709442864e+00,1.498482629489073625e+00,-8.656688438388189244e-01,-1.485893470172658382e-01,-2.934385292165559989e-01,2.454008897740665440e-01,1.768430637797936411e+00,7.262870267750390907e-01,-6.197021885007750752e-01,-9.355498096114073237e-01,1.070729862245862973e+00,-1.525238832950178258e+00,-1.224277820523364424e+00,-8.068693906098600710e-02,-1.281399632044468051e+00,-4.704743079899081915e-01,-1.318925148045515083e+00
6.800000000000000488e-01,9.996510842059838087e-01,1.700936552130901669e+00,2.057053101331159706e+00,-1.259849128512777972e+00,1.519772749641302045e+00,-8.866471836537109796e-01,-1.581606584155847983e-01,-3.094231882078603557e-01,2.567503277598910394e-01,1.790274350361997335e+00,7.481063271144690052e-01,-6.419229992045439870e-01,-9.558554171885668138e-01,1.091511780090240302e+00,-1.544245496274170737e+00,-1.242767238581131695e+00,-8.670256845465790230e-02,-1.299850361670633392e+00,-4.912912024784398257e-01,-1.337403869203741102e+00
6.900000000000000577e-01,1.020695550058894341e+00,1.722761090196226919e+00,2.078462358712461988e+00,-1.278257945861071443e+00,1.541122404794425194e+00,-9.072098841671484282e-01,-1.683158978046384591e-01,-3.258995092796984072e-01,2.680883404686204008e-01,1.812148323267947392e+00,7.697531961031256476e-01,-6.638948394796323482e-01,-9.757850007279575966e-01,1.112267051669921569e+00,-1.563378313106389861e+00,-1.261181405985581705e+00,-9.324825527187778629e-02,-1.318281746485651773e+00,-5.121992236950164701e-01,-1.355896174488934181e+00
7.000000000000000666e-01,1.041677492712408837e+00,1.744602235275533264e+00,2.100056930109400088e+00,-1.296620202833533853e+00,1.562514451825159467e+00,-9.273611555230076853e-01,-1.790644102451584008e-01,-3.428169181507450536e-01,2.793452244751697400e-01,1.834045610518423741e+00,7.912289053484130585e-01,-6.855605137737652566e-01,-9.953516242272010262e-01,1.133012516767443634e+00,-1.582626494980095666e+00,-1.279532755172923641e+00,-1.003576802917823252e-01,-1.336702204692271190e+00,-5.331155846876733939e-01,-1.374407548419251501e+00
7.099999999999999645e-01,1.062621897680423588e+00,1.766428599066441452e+00,2.121978776021153479e+00,-1.314897994081899002e+00,1.583902058911728084e+00,-9.469591125563885381e-01,-1.904731775760867274e-01,-3.600252987996107601e-01,2.900271390596474985e-01,1.855966855159976170e+00,8.124039852901854264e-01,-7.066629999163070996e-01,-1.014443059688897142e+00,1.153785711846010420e+00,-1.601996242328020514e+00,-1.297781209268752178e+00,-1.082110423577593294e-01,-1.355078481367424592e+00,-5.537655578880983365e-01,-1.392908825647190874e+00
7.199999999999999734e-01,1.083526648542366466e+00,1.788275806104361987e+00,2.143979150631770914e+00,-1.333191901926080281e+00,1.605335760026204817e+00,-9.663311009180092226e-01,-2.023894242041480718e-01,-3.776398781617785749e-01,3.009310528593711620e-01,1.877901570044289148e+00,8.335554260093352985e-01,-7.276012940869837076e-01,-1.033342648563598365e+00,1.174544624806016513e+00,-1.621435680065118401e+00,-1.316035806573046418e+00,-1.165099963982032111e-01,-1.373491915466208413e+00,-5.744780192757853454e-01,-1.411463628845679219e+00
7.299999999999999822e-01,1.104408925099911620e+00,1.810118845892271233e+00,2.166195895817080164e+00,-1.351460204331220494e+00,1.626773891803940941e+00,-9.853446797658772516e-01,-2.148465591058086044e-01,-3.954978282755026164e-01,3.116013597923962819e-01,1.899855064325769671e+00,8.545566337534286072e-01,-7.481419775212909684e-01,-1.051943612552381779e+00,1.195319165683670359e+00,-1.640948496344369456e+00,-1.334252886721264630e+00,-1.253967249111528626e-01,-1.391905016522948291e+00,-5.949953885967967926e-01,-1.430038333797255534e+00
7.399999999999999911e-01,1.125274779614402476e+00,1.831956555924989294e+00,2.188635251683530569e+00,-1.369706533280476979e+00,1.648209012556103081e+00,-1.004025949336198931e+00,-2.277933486252976536e-01,-4.135181523758311717e-01,3.220083044199548716e-01,1.921829802041234769e+00,8.754151379189925031e-01,-7.682753100889478937e-01,-1.070272315046966849e+00,1.216111139915431183e+00,-1.660518886733999055e+00,-1.352437734742050424e+00,-1.348442292836877221e-01,-1.410317606813642044e+00,-6.152642651975180899e-01,-1.448629340338144056e+00
7.500000000000000000e-01,1.146127346938246472e+00,1.853790101615734098e+00,2.211301597500931582e+00,-1.387933330767936457e+00,1.669636223859616075e+00,-1.022403250768560978e+00,-2.411595090985188539e-01,-4.316129339402876020e-01,3.321318232238696933e-01,1.943829686729026562e+00,8.961372984328239699e-01,-7.879986702873371662e-01,-1.088356315849904110e+00,1.236920016278457046e+00,-1.680130726643223271e+00,-1.370594506853308081e+00,-1.448046376020110937e-01,-1.428728218894872892e+00,-6.352373130885531349e-01,-1.467231727431146826e+00
7.600000000000000089e-01,1.166967341650287926e+00,1.875622736518305134e+00,2.234197603911999064e+00,-1.406142046063553197e+00,1.691053013212264977e+00,-1.040506301640332643e+00,-2.548557149926275467e-01,-4.496882578157002097e-01,3.419603192523673063e-01,1.965859889589636644e+00,9.167280627697707018e-01,-8.073148092551070132e-01,-1.106223823473757584e+00,1.257743420382084309e+00,-1.699767881087043353e+00,-1.388726406469163344e+00,-1.552084518050508843e-01,-1.447134337046839914e+00,-6.548724104680249125e-01,-1.485839529296244299e+00
7.700000000000000178e-01,1.187793487571229489e+00,1.897459642691082804e+00,2.257324363391488564e+00,-1.424333245519694646e+00,1.712459088175356081e+00,-1.058365463338463597e+00,-2.687747476383600675e-01,-4.676456141124079036e-01,3.514891057669783381e-01,1.987926764153464587e+00,9.371910220364767508e-01,-8.262303932312263788e-01,-1.123903196421195627e+00,1.278577495302672729e+00,-1.719414503499669289e+00,-1.406835770453818801e+00,-1.659649856131251711e-01,-1.465532559323865058e+00,-6.741319422865468258e-01,-1.504445942165147487e+00
7.800000000000000266e-01,1.208602833511450925e+00,1.919307834457494977e+00,2.280681474591830682e+00,-1.442506646102479806e+00,1.733856233784859313e+00,-1.076011093382580386e+00,-2.827938498674759105e-01,-4.853837614495151720e-01,3.607186406219816122e-01,2.010037810989144802e+00,9.575286562432344661e-01,-8.447548431672721181e-01,-1.141422455368633404e+00,1.299417119438603052e+00,-1.739055326387543454e+00,-1.424924075293533710e+00,-1.769641423506476130e-01,-1.483918693914947795e+00,-6.929823003096780010e-01,-1.523043476396702234e+00
7.900000000000000355e-01,1.229390929746577710e+00,1.941176094638075389e+00,2.304267066502756478e+00,-1.460661096162944927e+00,1.755248209915904578e+00,-1.093472948190214566e+00,-2.967782442416896926e-01,-5.028009702177593798e-01,3.696526920277052319e-01,2.032201647803317357e+00,9.777426562262793164e-01,-8.628994478505533916e-01,-1.158808785252839035e+00,1.320255991098362003e+00,-1.758675941308293522e+00,-1.442991886203567331e+00,-1.880795829276706577e-01,-1.502287813261312666e+00,-7.113936067402066854e-01,-1.541624075810901440e+00
8.000000000000000444e-01,1.250151862880268805e+00,1.963074904095730266e+00,2.328077759964922056e+00,-1.478794535697379064e+00,1.776640689555410768e+00,-1.110779613227272922e+00,-3.105856836885628192e-01,-5.197975353185854130e-01,3.782965867842366658e-01,2.054427939048943497e+00,9.978342212821914581e-01,-8.806767062811834412e-01,-1.176088020752757313e+00,1.341086606726207275e+00,-1.778263061617202823e+00,-1.461038781852641133e+00,-1.991732392499316329e-01,-1.520634295807982816e+00,-7.293396424467217809e-01,-1.560179230314618026e+00
8.100000000000000533e-01,1.270878172805073314e+00,1.985016322914744391e+00,2.352108577485136465e+00,-1.496903972795222248e+00,1.798041223351177109e+00,-1.127957949762883771e+00,-3.240718286800652881e-01,-5.362784288885578121e-01,3.866556825095608940e-01,2.076727244661449312e+00,1.017804255900132127e+00,-8.980998420818319117e-01,-1.193284122825242211e+00,1.361900175686779457e+00,-1.797804757696298106e+00,-1.479063292856909850e+00,-2.101010332010910253e-01,-1.538951887371431404e+00,-7.467979325031994797e-01,-1.578700107977434319e+00
8.200000000000000622e-01,1.291560701618107654e+00,2.007013784823817204e+00,2.376352826907142557e+00,-1.514985511007031160e+00,1.819459202149467325e+00,-1.145032562717652969e+00,-3.370961655604607921e-01,-5.521559418436670086e-01,3.947341761908433333e-01,2.099110759390057535e+00,1.037653421326603764e+00,-9.151824281395877225e-01,-1.210418669190259422e+00,1.382686527785516484e+00,-1.817290651056971296e+00,-1.497062891345896318e+00,-2.207195449765285977e-01,-1.557233809853578288e+00,-7.637499177673097162e-01,-1.597177726872453185e+00
8.300000000000000711e-01,1.312188445467397546e+00,2.029081775976929514e+00,2.400801998508630408e+00,-1.533034452676692361e+00,1.840905780006033998e+00,-1.162025311045385756e+00,-3.495280871242814613e-01,-5.673521359174604761e-01,4.025343209113309006e-01,2.121589931809505281e+00,1.057382031888840057e+00,-9.319380652862948589e-01,-1.227510395781735930e+00,1.403434077130785829e+00,-1.836712052278532958e+00,-1.515034060148708006e+00,-2.308932249104033718e-01,-1.575472933812146259e+00,-7.801811252596606572e-01,-1.615603175257094737e+00
8.399999999999999689e-01,1.332668485614384668e+00,2.051237481451125166e+00,2.425401860961493572e+00,-1.550971080872910468e+00,1.862385319206124601e+00,-1.178894458577968374e+00,-3.606055576333106472e-01,-5.811761636601271430e-01,4.097271986893785689e-01,2.144175164010710066e+00,1.076818849292882296e+00,-9.481372141739183856e-01,-1.244536225646493355e+00,1.424068013491956775e+00,-1.855956004528920067e+00,-1.532903305236563929e+00,-2.399467227864861552e-01,-1.593575513595960613e+00,-7.956621688727538722e-01,-1.633871006720894359e+00
8.499999999999999778e-01,1.353145946165560831e+00,2.073491840320330848e+00,2.450227537806172862e+00,-1.568938271157557462e+00,1.883928690553358543e+00,-1.195775965841908040e+00,-3.715188858746768519e-01,-5.948185071867259088e-01,4.169591796832424202e-01,2.166878485205451454e+00,1.096303475370690395e+00,-9.642773096920854714e-01,-1.261585376526216828e+00,1.444698017594288286e+00,-1.875228920654251397e+00,-1.550803749066594683e+00,-2.488808616657928185e-01,-1.611707138967970687e+00,-8.110224023034645624e-01,-1.652166593347324852e+00
8.599999999999999867e-01,1.373524725103231869e+00,2.095861440512358786e+00,2.475221920904498329e+00,-1.586856232686755908e+00,1.905542561150060044e+00,-1.212621148911161795e+00,-3.815611197887137096e-01,-6.076214688000837194e-01,4.239066307338643091e-01,2.189708123941610740e+00,1.115663612220543666e+00,-9.801279382413246033e-01,-1.278627925074732552e+00,1.465247609001839590e+00,-1.894421707589033277e+00,-1.568661328969342295e+00,-2.570792743883575926e-01,-1.629775094072613895e+00,-8.258422332476289540e-01,-1.670386444435261408e+00
8.699999999999999956e-01,1.393787597575886439e+00,2.118359476844842160e+00,2.500370211077211469e+00,-1.604719588142682118e+00,1.927242393611978910e+00,-1.229438019474277777e+00,-3.906888142013351661e-01,-6.195605934898116285e-01,4.305645848430421085e-01,2.212671215084859089e+00,1.134895208184508286e+00,-9.956996633117981554e-01,-1.295669059554228175e+00,1.485702054565528840e+00,-1.913532419607585355e+00,-1.586470938242438677e+00,-2.644995153834612811e-01,-1.647773591218756328e+00,-8.401225930969766775e-01,-1.688524680636109387e+00
8.800000000000000044e-01,1.413917069698797269e+00,2.140997197372166649e+00,2.525657107470405727e+00,-1.622523605955104919e+00,1.949043456584146350e+00,-1.246231086277037381e+00,-3.988855527962340553e-01,-6.306251790839958460e-01,4.369280974506099535e-01,2.235772603806720493e+00,1.153992369519560413e+00,-1.011001523748294550e+00,-1.312710773268140896e+00,1.506047264961919652e+00,-1.932560512875198366e+00,-1.604227902209342416e+00,-2.711299619050693277e-01,-1.665697928370706515e+00,-8.538672167250093148e-01,-1.706576828347669217e+00
8.900000000000000133e-01,1.433896209890635154e+00,2.163783380236609322e+00,2.551067567685101345e+00,-1.640264507592364085e+00,1.970960164493785305e+00,-1.263001572186004839e+00,-4.061609294294023509e-01,-6.408172789188384399e-01,4.429933396219281061e-01,2.259014648828160610e+00,1.172947268845006663e+00,-1.026040777823318706e+00,-1.329752172956767620e+00,1.526270531684145171e+00,-1.951506687036993926e+00,-1.621928305698373540e+00,-2.769886389024344142e-01,-1.683544741403796507e+00,-8.670819976310554233e-01,-1.724540012096269948e+00
9.000000000000000222e-01,1.453709496213592356e+00,2.186723991798204647e+00,2.576587646922722907e+00,-1.657939728352905817e+00,1.993005433036394436e+00,-1.279747695911235494e+00,-4.125482723899360771e-01,-6.501504148686360063e-01,4.487586578547651528e-01,2.282397253295164852e+00,1.191750235853654472e+00,-1.040822697066378533e+00,-1.346789839312610093e+00,1.546361198070753451e+00,-1.970372739544610230e+00,-1.639569276260479880e+00,-2.821201709464497553e-01,-1.701312208319514019e+00,-8.797743467968310860e-01,-1.742413102126407320e+00
9.100000000000000311e-01,1.473343575349268519e+00,2.209822065622595311e+00,2.602205325697605875e+00,-1.675548115876259514e+00,2.015190112315556448e+00,-1.296464995315450119e+00,-4.181014228763086926e-01,-6.586481479650947435e-01,4.542254714933036674e-01,2.305918122661949621e+00,1.210390045759431210e+00,-1.055350420779212817e+00,-1.363818211515183121e+00,1.566311176232300539e+00,-1.989161442022290727e+00,-1.657149205484549137e+00,-2.865913063488363388e-01,-1.719000194102554779e+00,-8.919526064579433866e-01,-1.760196810044210469e+00
9.200000000000000400e-01,1.492787845089787124e+00,2.233077810893915771e+00,2.627911229226153278e+00,-1.693090049884697468e+00,2.037522550588988679e+00,-1.313146682143865096e+00,-4.228908479040260904e-01,-6.663425919678797049e-01,4.593988961193206100e-01,2.329573213411038068e+00,1.228854396179100972e+00,-1.069624887091166654e+00,-1.380829979542964159e+00,1.586115246353782648e+00,-2.007876441352804520e+00,-1.674667891056368152e+00,-2.904854991510874007e-01,-1.736610321894774378e+00,-9.036255528021828187e-01,-1.777893720359842611e+00
9.300000000000000488e-01,1.512034804071154204e+00,2.256488927306563141e+00,2.653699152231446146e+00,-1.710567466453163599e+00,2.060008325167076659e+00,-1.329784025925082158e+00,-4.269993069249238826e-01,-6.732728972908254006e-01,4.642880143277050009e-01,2.353357308448867702e+00,1.247130537599589584e+00,-1.083644863725211405e+00,-1.397816474445900958e+00,1.605771110449687900e+00,-2.026522185319106661e+00,-1.692126582469095419e+00,-2.938969969640501945e-01,-1.754145954819917641e+00,-9.148020117282393837e-01,-1.795508243431452211e+00
9.400000000000000577e-01,1.531080151113805243e+00,2.280051077754998268e+00,2.679566328628233851e+00,-1.727983774304929776e+00,2.082650156719405121e+00,-1.346366763943284584e+00,-4.305172485162667706e-01,-6.794837025858843083e-01,4.689057601360567817e-01,2.377264640261225637e+00,1.265206000265827191e+00,-1.097407105056888321e+00,-1.414768046082915287e+00,1.625279210573608468e+00,-2.045103872455666494e+00,-1.709527917457688506e+00,-2.969248184504637011e-01,-1.771612076848330997e+00,-9.254906100209390196e-01,-1.813046478966300556e+00
9.500000000000000666e-01,1.549922652898533038e+00,2.303758454425379743e+00,2.705513421226819037e+00,-1.745343661141453451e+00,2.105448002552581244e+00,-1.362883526439887971e+00,-4.335381141055891230e-01,-6.850235549567400550e-01,4.732684331327118854e-01,2.401289483339827502e+00,1.283069345422657381e+00,-1.110906655576764379e+00,-1.431674413494469222e+00,1.644642353651762701e+00,-2.063627425394656267e+00,-1.726875746549885848e+00,-2.996669532720982465e-01,-1.789015071580197569e+00,-9.356996840192740583e-01,-1.830515989102625474e+00
9.599999999999999645e-01,1.568362578559049814e+00,2.327643747930963958e+00,2.731406538693285757e+00,-1.762616418625314374e+00,2.128401567417446572e+00,-1.379177690972082537e+00,-4.359287887745284529e-01,-6.895088827109240315e-01,4.771759602126736111e-01,2.425454071934343148e+00,1.300521364401274971e+00,-1.123790967493951465e+00,-1.448424754100159584e+00,1.663680967246480735e+00,-2.081977975869881092e+00,-1.744140904662038860e+00,-3.021364024094048140e-01,-1.806317996406717974e+00,-9.449868437538202492e-01,-1.847870993486201208e+00
9.699999999999999734e-01,1.586805073066114291e+00,2.351621304100369958e+00,2.757525941404799674e+00,-1.779881102504445645e+00,2.151501642007334070e+00,-1.395524923424005692e+00,-4.382249723528716667e-01,-6.938538212272449268e-01,4.810808854528682565e-01,2.449699351778806822e+00,1.317933087090447764e+00,-1.136739399690199104e+00,-1.465208317764000290e+00,1.682768077810797624e+00,-2.100404980262046362e+00,-1.761396667070621591e+00,-3.045717243326188650e-01,-1.823617827691759841e+00,-9.542515307141858916e-01,-1.865229912653066036e+00
9.799999999999999822e-01,1.605055575127852352e+00,2.375723505780641620e+00,2.783744004572883846e+00,-1.797107900298595240e+00,2.174744072572080356e+00,-1.411769398201858650e+00,-4.402791665422684519e-01,-6.976816305593903644e-01,4.847907018693961012e-01,2.474049477434949740e+00,1.335110953398399136e+00,-1.149404769959148531e+00,-1.481914770551475691e+00,1.701727418098728961e+00,-2.118795922553717848e+00,-1.778614693602533992e+00,-3.069609241757257911e-01,-1.840878716266800774e+00,-9.630611985142916165e-01,-1.882548283293272728e+00
9.899999999999999911e-01,1.623121007724912079e+00,2.399943978086825691e+00,2.810070532499521878e+00,-1.814303234282994115e+00,2.198121230470022169e+00,-1.427899115091790572e+00,-4.421562912618645647e-01,-7.010416575359453839e-01,4.883257339259436947e-01,2.498502425153096951e+00,1.352053181549681016e+00,-1.161780787888285094e+00,-1.498533747006736583e+00,1.720565929540485373e+00,-2.137159605793764516e+00,-1.795800437650973747e+00,-3.093546009736497515e-01,-1.858109121802149266e+00,-9.714253809084577584e-01,-1.899836090049701776e+00
1.000000000000000000e+00,1.641059985605433758e+00,2.424268689757769213e+00,2.836548844328304231e+00,-1.831478613495614471e+00,2.221629267553526521e+00,-1.443948385206494711e+00,-4.439224462891148137e-01,-7.040503087912891589e-01,4.917437042369102174e-01,2.523049861975700914e+00,1.368805615031424505e+00,-1.173951581163677371e+00,-1.515088835446444016e+00,1.739338943384943548e+00,-2.155530979011303305e+00,-1.812964546974505486e+00,-3.117743714339819561e-01,-1.875323127660353695e+00,-9.794543495572899383e-01,-1.917110415836628334e+00
